JobTitle,Job_ID
GENERAL MANAGER-METROPOLITAN TRANSIT AUTHORITY,1
CAPTAIN III (POLICE DEPARTMENT),2
WIRE ROPE CABLE MAINTENANCE MECHANIC,3
"DEPUTY CHIEF OF DEPARTMENT,(FIRE DEPARTMENT)",4
ASSISTANT DEPUTY CHIEF II,5
"BATTALION CHIEF, (FIRE DEPARTMENT)",6
DEPUTY DIRECTOR OF INVESTMENTS,7
"CHIEF OF DEPARTMENT, (FIRE DEPARTMENT)",8
"ASSISTANT CHIEF OF DEPARTMENT, (FIRE DEPARTMENT)",9
EXECUTIVE CONTRACT EMPLOYEE,10
DEPARTMENT HEAD V,11
"COMMANDER III, (POLICE DEPARTMENT)",12
"CAPTAIN, EMERGENCYCY MEDICAL SERVICES",13
ASSISTANT MEDICAL EXAMINER,14
"CAPTAIN, FIRE SUPPRESSION",15
CHIEF OF POLICE,16
DEPUTY CHIEF III (POLICE DEPARTMENT),17
"INSPECTOR III, (POLICE DEPARTMENT)",18
ELECTRONIC MAINTENANCE TECHNICIAN,19
"ADMINISTRATOR, SFGH MEDICAL CENTER",20
LIEUTENANT III (POLICE DEPARTMENT),21
FIREFIGHTER,22
NURSING SUPERVISOR PSYCHIATRIC,23
MAYOR,24
"LIEUTENANT, FIRE DEPARTMENT",25
INCIDENT SUPPORT SPECIALIST,26
ANESTHETIST,27
DISTRICT ATTORNEY,28
"ELECTRICAL TRANSIT MECHANIC, ASSISTANT SUPERVISOR",29
PORT DIRECTOR,30
"LIEUTENANT, BUREAU OF FIRE PREVENTION AND PUBLIC S",31
SENIOR PHYSICIAN SPECIALIST,32
FIRE FIGHTER PARAMEDIC,33
MANAGER VII,34
TRANSIT SUPERVISOR,35
"INSPECTOR, BUREAU OF FIRE PREVENTION AND PUBLIC SA",36
MANAGER VIII,37
DEPUTY DIRECTOR II - MUNICIPAL TRANSPORTATION AG,38
NURSING SUPERVISOR,39
POLICE OFFICER III,40
SHERIFF'S LIEUTENANT,41
DEPUTY DIRECTOR V,42
SUPERVISING PHYSICIAN SPECIALIST,43
DEPARTMENT HEAD IV,44
FORENSIC TOXICOLOGIST,45
CONFIDENTIAL CHIEF ATTORNEY II (CIVIL & CRIMINAL),46
SERGEANT III (POLICE DEPARTMENT),47
DEPUTY SHERIFF,48
NURSE MANAGER,49
ELECTRICAL TRANSIT SYSTEM MECHANIC,50
CITY ATTORNEY,51
MARINE ENGINEER OF FIRE BOATS,52
CHIEF ATTORNEY I (CIVIL & CRIMINAL),53
"CAPTAIN, BUREAU OF FIRE PREVENTION AND PUBLIC SAFE",54
ELECTRICAL TRANSIT SHOP SUPERVISOR I,55
POLICE OFFICER I,56
POLICE OFFICER II,57
SERGEANT I (POLICE DEPARTMENT),58
SPECIAL ASSISTANT XXII,59
DEPUTY DIRECTOR IV,60
WIRE ROPE CABLE MAINTENANCE SUPERVISOR,61
PUBLIC DEFENDER,62
SHERIFF,63
HUMAN RESOURCES DIRECTOR,64
"INVESTIGATOR, BUREAU OF FIRE INVESTIGATION",65
ASSISTANT CHIEF ATTORNEY II,66
DEPUTY DIRECTOR III,67
PHARMACIST,68
TRANSIT OPERATIONS SPECIALIST,69
DEPARTMENT HEAD III,70
"CHIEF PROBATION OFFICER, JUVENILE COURT",71
SHERIFF'S SERGEANT,72
ASSISTANT INSPECTOR (POLICE DEPARTMENT),73
DIAGNOSTIC IMAGING TECH II,74
DIAGNOSTIC IMAGING TECH III,75
CHIEF ADULT PROBATION OFFICER,76
MANAGER VI,77
FIRE SAFETY INSPECTOR II,78
MAINTENANCE MACHINIST,79
ASSISTANT INSPECTOR III (POLICE DEPARTMENT),80
DEPUTY DIRECTOR I - MUNICIPAL TRANSPORTATION AGE,81
"DIRECTOR, EMPLOYEE RELATIONS DIVISION",82
ASSISTANT CHIEF ATTORNEY I,83
TRAIN CONTROLLER,84
PHYSICIAN ASSISTANT,85
PHYSICIAN SPECIALIST,86
AUTOMOTIVE MECHANIC SUPERVISOR I,87
ATTORNEY (CIVIL/CRIMINAL),88
SERGEANT II (POLICE DEPARTMENT),89
ELECTRICIAN,90
NURSE PRACTITIONER,91
MECHANICAL SHOP AND EQUIPMENT SUPERINTENDENT,92
"HEAD ATTORNEY, CIVIL AND CRIMINAL",93
PRINCIPAL CIVIL ENGINEER,94
ASSOCIATE ENGINEER,95
PROJECT MANAGER IV,96
PILOT OF FIRE BOATS,97
DEPARTMENT HEAD I,98
SENIOR ENGINEER,99
COURT EXECUTIVE OFFICER,100
ENGINEER,101
ASSISTANT SHERIFF,102
BUILDINGS AND GROUNDS MAINTENANCE SUPERINTENDENT,103
ELECTRONIC MAINTENANCE TECHNICIAN ASSISTANT SUPERV,104
CLINICAL PHARMACIST,105
DEPARTMENT HEAD II,106
CLINICAL NURSE SPECIALIST,107
NURSE MIDWIFE,108
ELECTRICAL TRANSIT MECHANIC SUPERVISOR I,109
MANAGER V,110
ATTORNEY FOR THE PUBLIC ADMINISTRATOR,111
CHIEF DEPUTY SHERIFF,112
SENIOR DEPUTY SHERIFF,113
PROJECT MANAGER III,114
TRACK MAINTENANCE WORKER SUPERVISOR I,115
MAYORAL STAFF XVII,116
MANAGER VII - MUNICIPAL TRANSPORTATION AGENCY,117
HEATING AND VENTILATING INSPECTOR,118
ASST. CHIEF PROBATION OFFICER-JUVENILE PROBATION,119
"DIRECTOR, INFORMATION TECHNOLOGY GROUP",120
UTILITY PLUMBER SUPERVISOR II,121
COMMUNICATIONS LINE WORKER SUPERVISOR II,122
ASSISTANT INSPECTOR II (POLICE DEPARTMENT),123
ASSESSOR,124
MANAGER VIII - MUNICIPAL TRANSPORTATION AGENCY,125
MANAGER IV,126
"INSPECTOR, (POLICE DEPARTMENT)",127
IS ENGINEER - PRINCIPAL,128
REGISTERED NURSE,129
SPECIAL NURSE,130
INFORMATION SERVICES MANAGER,131
TRANSMISSION LINE SUPERVISOR I,132
SUPERVISING PHARMACIST,133
SEWAGE TREATMENT PLANT SUPERINTENDENT,134
TREASURER,135
SENIOR POWER GENERATION TECHNICIAN,136
DEPUTY DIRECTOR II,137
CHIEF DISTRICT ATTORNEY'S INVESTIGATOR,138
LANDSCAPE ARCHITECTURAL ASSOCIATE II,139
ARCHITECTURAL ASSOCIATE  I,140
LANDSCAPE ARCHITECT,141
ARCHITECT,142
STATIONARY ENGINEER,143
PLUMBING INSPECTOR,144
AUTOMOTIVE MECHANIC,145
CHIEF STATIONARY ENGINEER,146
SENIOR COURT STAFF ATTORNEY,147
HEAD PARK PATROL OFFICER,148
UNDERSHERIFF,149
ASSISTANT ELECTRONIC MAINTENANCE TECHNICIAN,150
SHERIFF'S CAPTAIN,151
MANAGER III,152
BOARD SECRETARY - MUNICIPAL TRANSPORTATION AGENC,153
WATER CONSTRUCTION AND MAINTENANCE SUPERINTENDENT,154
"LIEUTENANT I, (POLICE DEPARTMENT)",155
LIEUTENANT II (POLICE DEPARTMENT),156
DIAGNOSTIC IMAGING TECH I,157
MANAGER II - MUNICIPAL TRANSPORTATION AGENCY,158
MANAGER VI - MUNICIPAL TRANSPORTATION AGENCY,159
"ATTORNEY, TAX COLLECTOR",160
COURT COMMISSIONER,161
PRINCIPAL ADMINISTRATIVE ANALYST,162
SENIOR RADIO TECHNICIAN,163
ADMINISTRATIVE ENGINEER,164
BUILDING INSPECTOR,165
CHIEF WATER SERVICE INSPECTOR,166
POWER GENERATION SUPERVISOR,167
TRANSIT OPERATOR,168
UTILITY PLUMBER SUPERVISOR I,169
RADIOLOGIC TECHNOLOGIST SUPERVISOR,170
DENTIST,171
BUILDING PLANS ENGINEER,172
"INSPECTOR II, (POLICE DEPARTMENT)",173
TELECOMMUNICATIONS TECHNICIAN SUPERVISOR,174
SUPERVISING ELECTRONIC MAINTENANCE TECHNICIAN,175
INSTITUTIONAL POLICE SERGEANT,176
TRANSIT POWER LINE SUPERVISOR I,177
"SENIOR COUNSELOR, JUVENILE HALL",178
COURT ADMINISTRATOR,179
PLUMBER SUPERVISOR I,180
COURT COMPUTER SYSTEMS MANAGER,181
SENIOR CONSTRUCTION INSPECTOR,182
CRIMINALIST III,183
TRANSIT POWER LINE WORKER,184
SEWER REPAIR SUPERVISOR,185
SENIOR LIGHT RAIL VEHICLE EQUIPMENT ENGINEER,186
TRANSMISSION AND DISTRIBUTION LINE WORKER,187
MANAGER II,188
ARCHITECTURAL ASSOCIATE II,189
AUTOMOTIVE TRANSIT SHOP SUPERVISOR I,190
MANAGER V - MUNICIPAL TRANSPORTATION AGENCY,191
IS PROJECT DIRECTOR,192
TRANSIT CAR CLEANER,193
"CHIEF STATIONARY ENGINEER, WATER TREATMENT PLANT",194
PLUMBER,195
DISABILITY ACCESS COORDINATOR,196
AUTOMOTIVE MECHANIC ASSISTANT SUPERVISOR,197
AUTOMOTIVE MACHINIST ASSISTANT SUPERVISOR,198
LAW LIBRARIAN,199
PROJECT MANAGER II,200
SENIOR STATIONARY ENGINEER,201
TRANSIT POWER LINE WORKER SUPERVISOR II,202
"ASST. CHIEF, BUREAU OF CLAIMS INVEST. & ADMIN",203
IS BUSINESS ANALYST - PRINCIPAL,204
POWER GENERATION TECHNICIAN II,205
CABLE SPLICER,206
CONSTRUCTION INSPECTOR,207
IS ENGINEER - SENIOR,208
PLANNER V,209
CRIME LABORATORY MANAGER,210
SHEET METAL WORKER SUPERVISOR II,211
COMMUNICATIONS SYSTEMS TECHNICIAN,212
IS ENGINEER - JOURNEY,213
SUPERINTENDENT OF WATER TREATMENT FACILITIES,214
"STATION AGENT, MUNICIPAL RAILWAY",215
STRUCTURAL ENGINEER,216
PUBLIC HEALTH NURSE,217
COURT STAFF ATTORNEY II,218
HEAD AIRPORT ELECTRICIAN,219
ASSISTANT DIRECTOR OF CLINICAL SERVICES II,220
FIRE PROTECTION ENGINEER,221
SPECIAL ASSISTANT XVI,222
"ASSISTANT DEPUTY DIRECTOR, PORT",223
FIRE RESCUE PARAMEDIC,224
"DIRECTOR, FISCAL SERVICES",225
DISTRICT ATTORNEY'S INVESTIGATOR,226
TRANSIT PAINT SHOP SUPERVISOR I,227
ELECTRICIAN SUPERVISOR II,228
PRINCIPAL DISTRICT ATTORNEY'S INVESTIGATOR,229
BUILDINGS AND GROUNDS MAINTENANCE SUPERVISOR,230
SENIOR WATER SERVICE INSPECTOR,231
IS BUSINESS ANALYST - SENIOR,232
MAINTENANCE CONTROLLER,233
ELECTRICIAN SUPERVISOR I,234
"MANAGER, EMPLOYEE RELATIONS DIV",235
TRAFFIC HEARING OFFICER,236
ASSISTANT ENGINEER,237
LANDSCAPE ARCHITECTURAL ASSOCIATE I,238
CHIEF BUILDING INSPECTOR,239
MAINTENANCE MACHINIST SUPERVISOR I,240
MANAGER IV - MUNICIPAL TRANSPORTATION AGENCY,241
UTILITY PLUMBER,242
SENIOR ELECTRICAL INSPECTOR,243
ELECTRICAL INSPECTOR,244
"SENIOR STATIONARY ENGINEER, WATER TREATMENT PLANT",245
COMMUNICATION LINE SUPERVISOR I,246
ELECTRICAL LINE WORKER,247
MAYORAL STAFF XVI,248
AIRPORT MECHANICAL MAINTENANCE SUPERVISOR,249
COURT REPORTER COORDINATOR,250
CHIEF PLUMBING INSPECTOR,251
OPERATING ROOM NURSE,252
WELDER,253
MENTAL HEALTH TREATMENT SPECIALIST,254
TRANSPORTATION SAFETY SPECIALIST,255
SENIOR POLICE COMMUNICATIONS DISPATCHER,256
UTILITY SPECIALIST,257
CEMENT FINISHER SUPERVISOR II,258
ASSISTANT COURT REPORTER COORDINATOR,259
PRINCIPAL REAL PROPERTY OFFICER,260
RESEARCH PSYCHOLOGIST,261
LOCKSMITH SUPERVISOR I,262
SUPERVISING CHEMIST,263
SENIOR PLUMBING INSPECTOR,264
"OPERATING ENGINEER, UNIVERSAL",265
LABORATORY SERVICES MANAGER,266
MANAGER I,267
"MANAGER, UNIFIED FAMILY COURT SERVICES",268
"DIRECTOR, HUMAN RESOURCES",269
SENIOR BUILDING INSPECTOR,270
TRANSIT MANAGER II,271
PLANNER IV,272
EMERGENCY MEDICAL SERVICES AGENCY SPECIALIST,273
PUBLIC SAFETY COMMUNICATIONS DISPATCHER,274
WATER OPERATIONS ANALYST,275
CHIEF ELECTRICAL INSPECTOR,276
TRAFFIC SIGNAL ELECTRICIAN,277
AUTOMOTIVE BODY AND FENDER WORKER,278
APPRENTICE STATIONARY ENGINEER,279
AUTOMOTIVE BODY AND FENDER WORKER SUPERVISOR I,280
AUTOMOTIVE MACHINIST,281
SUPERVISING PURCHASER,282
"CHIEF STATIONARY ENGINEER, SEWAGE PLANT",283
COURT COMPUTER FACILITIES COORDINATOR,284
PLUMBER SUPERVISOR II,285
MANAGER III - MUNICIPAL TRANSPORTATION AGENCY,286
CLAIMS INVESTIGATOR,287
STEAMFITTER,288
PROTECTIVE SERVICES SUPERVISOR,289
CARPENTER SUPERVISOR I,290
MAYORAL STAFF XV,291
"COUNSELOR, LOG CABIN RANCH",292
CHIEF HOUSING INSPECTOR,293
MEDICAL EXAMINER'S INVESTIGATOR II,294
"DIRECTOR, JUVENILE HALL",295
IS PROGRAMMER ANALYST - PRINCIPAL,296
TRAF SIGNAL ELECTRICIAN SUP II,297
IS ADMINISTRATOR III,298
ASSISTANT CHIEF DISTRICT ATTORNEY'S INVESTIGATOR,299
STEAMFITTER ASSISTANT SUPERVISOR,300
"SENIOR STATIONARY ENGINEER, SEWAGE PLANT",301
COURT REPORTER,302
AIRPORT ELECTRICIAN,303
AIRPORT ELECTRICIAN SUPERVISOR,304
COURT MANAGER,305
HEALTH PROGRAM COORDINATOR III,306
SUPERVISING WASTEWATER CONTROL INSPECTOR,307
TRAF SIGNAL ELECTRICIAN SUP I,308
LINE INSPECTOR,309
PRINCIPAL ADMINISTRATIVE ANAYLST II,310
WATER SERVICE INSPECTOR,311
PUBLIC RELATIONS MANAGER,312
SENIOR ENVIRONMENTAL HEALTH INSPECTOR,313
CONTRACT COMPLIANCE OFFICER II,314
SENIOR INDUSTRIAL HYGIENIST DEPT OF PUBLIC HEALTH,315
SAFETY OFFICER,316
AUTOMOTIVE MACHINIST SUPERVISOR I,317
PLANNER IV-ENVIRONMENTAL REVIEW,318
DIVISION DIRECTOR ADULT PROBATION,319
PROTECTIVE SERVICES WORKER,320
MEDICAL EXAMINER'S INVESTIGATOR III,321
AUTOMOTIVE SERVICE WORKER,322
"DIRECTOR, PROBATE",323
IS ADMINISTRATOR - SUPERVISOR,324
SENIOR HOUSING INSPECTOR,325
SEWER SERVICE WORKER,326
STREET REPAIR SUPERVISOR II,327
ELECTRIC MOTOR REPAIRER,328
COMMUNICATIONS DIRECTOR,329
COURT COMPUTER APPLICATIONS PROGRAMMER,330
DIAGNOSTIC IMAGING TECH IV,331
PROJECT MANAGER I,332
ASPHALT FINISHER SUPERVISOR I,333
TRANSIT MANAGER I,334
CRIMINALIST II,335
CHIEF MICROBIOLOGIST,336
CHIEF SURVEYOR,337
SENIOR ADMINISTRATIVE ANALYST,338
PSYCHIATRIC TECHNICIAN,339
SUPERVISING BIOLOGIST,340
AIRPORT OPERATIONS SUPERVISOR,341
TRANSIT PLANNER IV,342
MEDIA/SECURITY SYSTEMS SUPERVISOR,343
SENIOR DISTRICT ATTORNEY'S INVESTIGATOR,344
PRINCIPAL PERSONNEL ANALYST,345
SENIOR PHYSICAL THERAPIST,346
SENIOR OCCUPATIONAL THERAPIST,347
SHELTER VETERINARIAN,348
CHIEF FIRE ALARM DISPATCHER,349
DEPUTY DIRECTOR I,350
"EXECUTIVE ASSISTANT TO THE GENERAL MANAGER, RETIRE",351
AIRPORT ECONOMIC PLANNER,352
SWITCH REPAIRER,353
POWER HOUSE ELECTRICIAN SUPERVISOR I,354
SAFETY ANALYST,355
BIOLOGIST III,356
PARKING ENFORCEMENT ADMINISTRATOR,357
PRINCIPAL ENVIRONMENTAL HEALTH INSPECTOR,358
SENIOR EMPLOYEE RELATIONS REPRESENTATIVE,359
PAINTER SUPERVISOR I,360
SENIOR SYSTEMS ACCOUNTANT,361
"COUNSELOR, FAMILY COURT SERVICE",362
GOVERNMENT AND PUBLIC AFFAIRS MANAGER,363
"ELECTRONIC INSTRUMENTATION TECHNICIAN,WTR PLTNCN",364
CAR AND AUTO PAINTER,365
PERFORMANCE ANALYST III - PROJECT MANAGER,366
UTILITY PLUMBER APPRENTICE,367
PRINCIPAL MANAGEMENT ANALYST,368
LOCKSMITH,369
SENIOR AIRPORT COMMUNICATIONS DISPATCHER,370
"SENIOR PROPERTY MANAGER, PORT",371
HEAVY EQUIPMENT OPERATIONS SUPERVISOR,372
MAINTENANCE PLANNER,373
SENIOR STREET INSPECTOR,374
SENIOR REAL PROPERTY OFFICER,375
ASSISTANT DIRECTOR OF CLINICAL SERVICES I,376
TRUCK DRIVER,377
"DIRECTOR, PROBATION SERVICES",378
SENIOR CLAIMS INVESTIGATOR,379
TRACK MAINTENANCE WORKER,380
WATER AND POWER MAINTENANCE SUPERVISOR I,381
ASSOCIATE AFFIRMATIVE ACTION COORDINATOR,382
POLICE COMMUNICATIONS SHIFT SUPERVISOR,383
STREET ENVIRONMENTAL SERVICES OPERATIONS SUPERVI,384
ASSISTANT LAW LIBRARIAN,385
CEMENT FINISHER SUPERVISOR I,386
SENIOR PLAN CHECKER,387
"STATIONARY ENGINEER, WATER TREATMENT PLANT",388
MAINTENANCE MANAGER,389
CLERK,390
CRANE MECHANIC SUPERVISOR,391
AIRPORT COMMUNICATIONS OPERATOR,392
MANAGER I - MUNICIPAL TRANSPORTATION AGENCY,393
SUPERVISING CLINICAL PSYCHOLOGIST,394
CHEMIST III,395
ARCHITECTURAL ADMINISTRATOR,396
PRINCIPAL REAL PROPERTY APPRAISER,397
GENERAL LABORER SUPERVISOR I,398
SUPERVISING PARTS STOREKEEPER,399
CITY SHOPS ASSISTANT SUPERINTENDENT,400
INDUSTRIAL HYGIENIST,401
HOUSING INSPECTOR,402
MATERIALS COORDINATOR,403
PRINCIPAL PERSONAL PROPERTY AUDITOR,404
"STATIONARY ENGINEER, SEWAGE PLANT",405
LICENSED VOCATIONAL NURSE,406
MARITIME MARKETING REPRESENTATIVE,407
COURT COMPUTER SYSTEMS ENGINEER II,408
COURT COMPUTER APPLICATIONS ANALYST,409
SENIOR HUMAN RESOURCES ANALYST,410
PRINCIPAL ENVIRONMENTAL SPECIALIST,411
SUPERVISING ADULT PROBATION OFFICER,412
"SUPERVISING PROBATION OFFICER, JUVENILE COURT",413
SUPERVISING AUDITOR,414
CLAIMS ADJUSTER,415
ELEVATOR AND CRANE TECHNICIAN,416
COURT SUPERVISOR II,417
"MEMBER, BOARD OF SUPERVISORS",418
PARTS STOREKEEPER,419
WATER CONSERVATION ADMINISTRATOR,420
TRANSIT CAR CLEANER ASSISTANT SUPERVISOR,421
SHEET METAL SUPERVISOR I,422
MAYORAL STAFF XIII,423
"SENIOR CLAIMS INVESTIGATOR,CITY ATTORNEY'S OFFICE",424
SENIOR MAINTENANCE CONTROLLER,425
GLAZIER,426
FISCAL SERVICES COORDINATOR,427
SECRETARY TO THE PRESIDING JUDGE,428
HEALTH WORKER IV,429
POWER PLANT SUPERVISOR I,430
OCCUPATIONAL THERAPIST,431
SURVEY ASSOCIATE,432
AUTOMOTIVE SERVICE WORKER ASSISTANT SUPERVISOR,433
SENIOR COMMUNITY DEVELOPMENT SPECIALIST I,434
CHIEF VICTIM/WITNESS INVESTIGATOR,435
MEDIA/SECURITY SYSTEMS SPECIALIST,436
MAYORAL STAFF XIV,437
GENERAL LABORER,438
DEPUTY PROBATION OFFICER,439
CARPENTER,440
PARK PATROL OFFICER,441
"EXECUTIVE DIRECTOR, SOUTHEAST COMMUNITY FACILITY",442
PHYSICAL THERAPIST,443
SENIOR POWER HOUSE OPERATOR,444
PARKING CONTROL OFFICER,445
SENIOR PERSONNEL ANALYST,446
INSTITUTIONAL POLICE OFFICER,447
PHARMACY TECHNICIAN,448
AUDIOLOGIST,449
ELIGIBILITY WORKER,450
ASSISTANT SUPERINTENDENT RECREATION,451
SHEET METAL WORKER,452
ASPHALT PLANT SUPERVISOR I,453
SENIOR ACCOUNT CLERK,454
COURT INVESTIGATOR,455
STAGE ELECTRICIAN,456
SECURITY ANALYST,457
PRINCIPAL PAYROLL AND PERSONNEL CLERK,458
SENIOR COMMUNITY DEVELOPMENT SPECIALIST II,459
TRAFFIC SIGN MANAGER,460
ELECTRIC MOTOR REPAIR SUPERVISOR I,461
TRANSIT PLANNER III,462
REGULATORY SPECIALIST,463
PROBATE EXAMINER,464
HOSPITAL ELIGIBILITY WORKER SUPERVISOR,465
"COURT ASSISTANT - SENIOR, SUPERIOR COURT",466
MUNICIPAL STADIUM GROUNDSKEEPER,467
BRICKLAYER,468
PLANNER III-ENVIRONMENTAL REVIEW,469
ASSISTANT FORENSIC TOXICOLOGIST I,470
FARE INSPECTIONS SUPERVISOR/INVESTIGATOR,471
EMPLOYMENT AND TRAINING SPECIALIST VI,472
PIPE WELDER,473
PARK SECTION SUPERVISOR,474
ENVIRONMENTAL HEALTH INSPECTOR,475
PRINCIPAL FARE COLLECTIONS RECEIVER,476
AIRPORT SAFETY OFFICER,477
"MARRIAGE, FAMILY & CHILD COUNSELOR (MFCC)",478
COORDINATOR OF CITIZEN INVOLVEMENT,479
TREE TOPPER SUPERVISOR I,480
COURT INTERPRETER SUPERVISOR,481
SURGICAL PROCEDURES TECHNICIAN,482
PLANNER III,483
MENTAL HEALTH REHABILITATION WORKER,484
PATIENT ACCOUNTS SUPERVISOR,485
STREET INSPECTION SUPERVISOR,486
COMMUNICATIONS DISPATCHER II,487
POWER HOUSE OPERATOR,488
SENIOR MICROBIOLOGIST,489
IS ENGINEER - ASSISTANT,490
ELECTRICAL LINE HELPER,491
ASSISTANT MATERIALS COORDINATOR,492
WORKER'S COMPENSATION SUPERVISOR I,493
"ASSISTANT TO THE DIRECTOR, PUBLIC AFFAIRS       RS",494
CLAIMS INVESTIGATOR CITY ATTORNEYS OFFICE,495
IS TRAINER - SENIOR,496
SPEECH PATHOLOGIST,497
NURSING ASSISTANT,498
COURT TRAINING SPECIALIST,499
ENGINEERING ASSOCIATE II,500
CLINICAL PSYCHOLOGIST,501
IS BUSINESS ANALYST,502
GARDENER,503
AIRPORT PROPERTY SPECIALIST I,504
BOARD/COMMISSION SECRETARY III,505
BENEFITS SUPERVISOR,506
LEGISLATIVE ASSISTANT,507
CEMENT MASON,508
LIBRARIAN III,509
REAL PROPERTY OFFICER,510
"ASSISTANT RENTAL MANAGER, PORT",511
ORNAMENTAL IRON WORKER SUPERVISOR I,512
FUSION WELDER,513
SUPERVISING WELFARE FRAUD INVESTIGATOR,514
TRAINING COORDINATOR,515
PAINTER,516
SENIOR PARKING CONTROL OFFICER,517
SENIOR PURCHASER,518
PROGRAM SUPPORT ANALYST,519
FOOD SERVICE MANAGER ADMINISTRATOR,520
CONTRACT COMPLIANCE OFFICER I,521
MEDICAL SOCIAL WORK SUPERVISOR,522
WATERSHED FORESTER MANAGER,523
HEAVY EQUIPMENT OPERATIONS ASSISTANT SUPERVISOR,524
ADMINISTRATIVE ANALYST III,525
MOBILE EQUIPMENT SUPERVISOR,526
GENERAL UTILITY MECHANIC,527
ASSOCIATE AUDITOR,528
COURT SUPERVISOR I,529
"APPRENTICE STATIONARY ENGINEER, SEWAGE PLANT",530
"TRACK MAINTENANCE SUPERINTENDENT,MUNICIPAL RAILWAY",531
PATTERN MAKER,532
"EXECUTIVE ASSISTANT TO THE ADMINISTRATOR, S.F.G.H.",533
IS PROGRAMMER ANALYST - SENIOR,534
"ASSISTANT CLERK, BOARD OF SUPERVISORS",535
SENIOR REAL PROPERTY APPRAISER,536
EPIDEMIOLOGIST II,537
ADMINISTRATIVE SERVICES MANAGER,538
PILEDRIVER SUPERVISOR I,539
PERSONNEL PAYROLL REPRESENTATIVE,540
STREET INSPECTOR,541
WASTEWATER CONTROL INSPECTOR,542
SENIOR PERSONAL PROPERTY AUDITOR,543
BIOLOGIST I/II,544
SENIOR PSYCHIATRIC SOCIAL WORKER,545
SENIOR HEALTH PROGRAM PLANNER,546
SENIOR ENVIRONMENT SPECIALIST,547
"SENIOR INVESTIGATOR, OFFICE OF CITIZEN'S COMPLAINT",548
HEALTH CARE ANALYST,549
SENIOR PAYROLL AND PERSONNEL CLERK,550
SECRETARY I,551
SOFT FLOOR COVERER SUPERVISOR,552
"APPRENTICE STATIONARY ENGINEER,WATER TREATMENT PLN",553
"SECRETARY, COMMISSION ON THE ENVIRONMENT",554
PSYCHIATRIC SOCIAL WORKER,555
MAINTENANCE MACHINIST ASSISTANT SUPERVISOR,556
SENIOR SOCIAL WORKER,557
"COORDINATOR, HUMAN RIGHTS COMMISSION",558
SENIOR HEALTH EDUCATOR,559
CURATOR IV,560
COUNSELOR II,561
MUSEUM SECURITY SUPERVISOR,562
"SUPERVISOR, TRAFFIC AND STREET SIGNS",563
SENIOR CLERK,564
PRINCIPAL ACCOUNTANT,565
"FEASIBILITY ANALYST, PORT",566
AIRPORT POLICE SERVICES AIDE,567
MAYOR'S PROGRAM MANAGER,568
PILEDRIVER ENGINE OPERATOR,569
SENIOR PUBLIC DEFENDER'S INVESTIGATOR,570
PILE WORKER,571
MENTAL HEALTH HEARING OFFICER,572
ASSISTANT CHIEF VICTIM/WITNESS INVESTIGATOR,573
CHEMIST I/II,574
PARKING METER REPAIRER SUPERVISOR I,575
CONSERVATORSHIP/CASE MGNT SUPV,576
DEPUTY COURT CLERK III,577
AIRPORT COMMUNICATIONS SUPERVISOR,578
PRINCIPAL CLERK,579
PAINTER SUPERVISOR II,580
"AREA SUPERVISOR, PARKS, SQUARES AND FACILITIES",581
FORESTER,582
PUBLIC RELATIONS OFFICER,583
EXECUTIVE SECRETARY III,584
CIVIL ENGINEERING ASSOCIATE I,585
AIRPORT EMERGENCY PLANNING COORDINATOR,586
MOBILE EQUIPMENT ASSISTANT SUPERVISOR,587
IS OPERATOR - SUPERVISOR,588
PERSONNEL ANALYST,589
CARPENTER SUPERVISOR II,590
EMPLOYMENT AND TRAINING SPECIALIST V,591
PARKING HEARING EXAMINER,592
GLAZIER SUPERVISOR I,593
"SECRETARY, LIBRARY COMMISSION",594
EXECUTIVE SECRETARY TO THE CONTROLLER,595
ASSISTANT CONSTRUCTION INSPECTOR,596
SUPERVISING COURT ADMINISTRATIVE SECRETARY,597
SENIOR PARTS STOREKEEPER,598
ELIGIBILITY WORKER SUPERVISOR,599
MUSEUM GUARD,600
WELFARE FRAUD INVESTIGATOR,601
PRINCIPAL PARTS STOREKEEPER,602
SENIOR MANAGEMENT ASSISTANT,603
ASSOCIATE PERFORMANCE AUDITOR,604
MAINTENANCE ESTIMATOR AND SCHEDULER,605
PATIENT ACCOUNTS MANAGER,606
"MARKET RESEARCH SPECIALISTS, PORT",607
SPECIAL ASSISTANT XV,608
"SENIOR MARRIAGE, FAMILY & CHILD COUNSELOR (MFCC)",609
TRAINING OFFICER,610
NUTRITIONIST,611
LIBRARIAN II,612
SENIOR GENERAL UTILITY MECHANIC,613
WATER QUALITY TECHNICIAN I/II,614
X-RAY LABORATORY AIDE,615
EMERGENCY PROTECTIVE ORDERS COMMISSIONER,616
SENIOR MEDICAL SOCIAL WORKER,617
HEALTH EDUCATOR,618
IS ADMINISTRATOR I,619
CHIEF NURSERY SPECIALIST,620
POWERHOUSE ELECTRICIAN SUPERVISOR II,621
PROGRAM SPECIALIST SUPERVISOR,622
PORTER,623
IS ADMINISTRATOR II,624
SENIOR CENTRAL PROCESSING AND DISTRIBUTION TECHNIC,625
PAYROLL SUPERVISOR,626
TRIAL DELAY REDUCTION COORDINATOR,627
BUILDING SERVICES TECHNICIAN,628
SENIOR FISCAL TECHNICIAN,629
IS TECHNICIAN - SUPERVISOR,630
EMPLOYMENT & TRAINING SPECIALIST IV,631
PUBLIC HEALTH TEAM LEADER,632
"PRINCIPAL INVESTIGATOR, TAX COLLECTOR",633
MICROBIOLOGIST,634
CENTRAL PROCESSING AND DISTRIBUTION TECHNICIAN,635
SIGN WORKER,636
MEDIA TRAINING SPECIALIST,637
MEDICAL RECORDS TECHNICIAN SUPERVISOR,638
CUSTODIAL ASSISTANT SUPERVISOR,639
SENIOR EMPLOYEE ASSISTANCE COUNSELOR,640
MEDIA PRODUCTION SUPERVISOR,641
COMMERCIAL DIVISION ASSISTANT SUPERVISOR,642
CHILD SUPPORT OFFICER III,643
CRIMINAL JUSTICE SPECIALIST II,644
DENTAL HYGIENIST,645
ROOFER SUPERVISOR I,646
JUNIOR ENGINEER,647
COURT AD RESOLUTION COORDINATOR,648
PATIENT ACCOUNTS ASSISTANT SUPERVISOR,649
TRAINING TECHNICIAN,650
TREE TOPPER SUPERVISOR II,651
VICTIM/WITNESS INVESTIGATOR III,652
PHYSICAL THERAPIST ASSISTANT,653
ORNAMENTAL IRON WORKER,654
HEALTH PROGRAM COORDINATOR II,655
"INVESTIGATOR, OFFICE OF CITIZEN COMPLAINTS",656
ARCHITECTURAL ASSISTANT II,657
HEALTH PROGRAM PLANNER,658
CONFIDENTIAL SECRETARY TO DISTRICT ATTORNEY,659
ASSOCIATE HUMAN RESOURCES ANALYST,660
"ASSISTANT DIRECTOR, LOG CABIN RANCH",661
MEDICAL RECORDS TECHNICIAN,662
MEDICAL SOCIAL WORKER,663
SENIOR ESTATE INVESTIGATOR,664
SECURITY GUARD,665
PUBLIC DEFENDER'S INVESTIGATOR,666
"INVESTIGATOR, TAXI & ACCESS SVCS",667
SENIOR FARE COLLECTIONS RECEIVER,668
CHIEF DIETITIAN,669
SURVEY ASSISTANT II,670
PUBLIC SERVICE TRAINEE,671
LIBRARIAN II - ASIAN ARTS,672
DEPUTY COURT CLERK II,673
ASSISTANT STOREKEEPER,674
REAL PROPERTY APPRAISER,675
"REPRESENTATIVE, HUMAN RIGHTS COMMISSION",676
"COUNSELOR, JUVENILE HALL",677
TRANSIT PLANNER II,678
RETIREMENT ANALYST,679
PLANNER II,680
ASSISTANT INDUSTRIAL HYGIENIST,681
EMPLOYEE ASSISTANCE COUNSELOR,682
ADMINISTRATIVE ANALYST,683
SPECIALIST IN AGING II,684
REHABILITATION SERVICES COORDINATOR,685
AFFIRMATIVE ACTION SPECIALIST,686
POWER GENERATION TECHNICIAN I,687
TREE TOPPER,688
WATER QUALITY TECHNICIAN III,689
EMPLOYEE RELATIONS REPRESENTATIVE,690
STATION OFFICER,691
"REPRESENTATIVE, COMMISSION ON THE STATUS OF WOMEN",692
METAL FABRICATOR,693
EXECUTIVE SECRETARY II,694
WATERSHED KEEPER SUPERVISOR,695
MAYORAL STAFF XII,696
MEDICAL STAFF SERVICES DEPARTMENT ANALYST,697
UNIT CLERK,698
ASSISTANT HEALTH EDUCATOR,699
UTILITY ANALYST,700
ENVIRONMENT SPECIALIST,701
LEGAL ASSISTANT,702
"INVESTIGATOR, TAX COLLECTOR",703
SENIOR ELIGIBILITY WORKER,704
SOCIAL WORK SUPERVISOR,705
CONFIDENTIAL SECRETARY CITY ATTORNEY,706
IS TRAINER - JOURNEY,707
MEDICAL EVALUATIONS ASSISTANT,708
HEALTH CARE BILLING CLERK II,709
PERSONAL PROPERTY AUDITOR,710
NURSES STAFFING ASSISTANT,711
PURCHASER,712
PROGRAM SPECIALIST,713
"COURT ASSISTANT, SUPERIOR COURT",714
EMERGENCY PLANNING COORDINATOR,715
PEST CONTROL SPECIALIST,716
ROOFER,717
"DIRECTOR OF ACTIVITIES, THERAPY AND VOLUNTEER SERV",718
COOK,719
"SECRETARY, HEALTH COMMISSION",720
LIBRARIAN I,721
SURVEY ASSISTNAT I,722
COURT CLERK,723
SEWER MAINTENANCE WORKER,724
CHIEF PAYROLL AND PERSONNEL CLERK,725
PORTER SUPERVISOR I,726
EMPLOYMENT AND TRAINING SPECIALIST III,727
CIVIL ENGINEERING ASSISTANT,728
WORKER'S COMPENSATION ADJUSTER,729
FARE COLLECTIONS RECEIVER,730
PRINCIPAL PERMIT AND CITATION CLERK,731
CUSTOMER SERVICE AGENT SUPERVISOR,732
RECREATION SUPERVISOR,733
IS OPERATOR - SENIOR,734
ESTATE INVESTIGATOR,735
IS BUSINESS ANALYST - ASSISTANT,736
ADMINISTRATIVE ANALYST II,737
TRAFFIC SURVEY TECHNICIAN,738
JANITORIAL SERVICES ASSISTANT SUPERVISOR,739
HODCARRIER,740
IS TECHNICIAN - SENIOR,741
LEGAL SECRETARY II,742
ASSISTANT GENERAL SERVICES MANAGER,743
WHARFINGER II,744
DIETITIAN,745
CURATOR III,746
SENIOR TRANSIT TRAFFIC CHECKER,747
WATERSHED KEEPER,748
EMPLOYMENT & TRAINING SPECIALIST II,749
IS PROGRAMMER ANALYST,750
ELECTRICAL ENGINEERING ASSOCIATE I,751
SOCIAL WORK SPECIALIST,752
WATER METER REPAIRER,753
ILLUSTRATOR AND ART DESIGNER,754
COURT INTERPRETER,755
VOLUNTEER/OUTREACH COORDINATOR,756
PERSONNEL TECHNICIAN,757
COMMUNICATIONS DISPATCHER I,758
REHABILITATION COUNSELOR,759
PAYROLL CLERK,760
CHIEF CLERK,761
RENT BOARD SUPERVISOR,762
ANIMAL CARE SUPERVISOR,763
TILE SETTER,764
ARCHITECTURAL ASSISTANT  I,765
CHEF,766
LEGISLATION CLERK,767
MAYORAL STAFF IX,768
SECRETARY II,769
TRANSIT FARE INSPECTOR,770
"ASSOCIATE MUSEUM CONSERVATOR, ASIAN ART MUSEUM",771
SENIOR CUSTOMER SERVICE AGENT,772
MANAGEMENT ASSISTANT,773
PUBLIC INFORMATION OFFICER,774
SENIOR ACCOUNTANT,775
ASSISTANT PURCHASER,776
ASSISTANT RETIREMENT ANALYST,777
EPIDEMIOLOGIST I,778
STATISTICIAN,779
PERFORMING ARTS CENTER AIDE,780
NURSERY SPECIALIST,781
ASPHALT FINISHER,782
LEGAL RESEARCH ASSISTANT,783
SENIOR MUSEUM REGISTRAR,784
PRINCIPAL ACCOUNT CLERK,785
FOOD SERVICE SUPERVISOR,786
MAIL AND REPRODUCTION SERVICE SUPERVISOR,787
CHIEF DEPUTY ADULT PROBATION OFFICER,788
FISCAL TECHNICIAN,789
FORENSIC LABORATORY TECHNICIAN,790
FINGERPRINT TECHNICIAN III,791
COMMUNITY DEVELOPMENT SPECIALIST,792
MATERIALS TESTING TECHNICIAN,793
CUSTODIAL SUPERVISOR,794
PARKING METER REPAIRER,795
HOSPITAL ELIGIBILITY WORKER,796
HEALTH PROGRAM COORDINATOR I,797
LIBRARY TECHNICAL ASSISTANT II,798
EXECUTIVE SECRETARY I,799
MEDICAL RECORDS CLERK,800
STOREKEEPER,801
SENIOR FOOD SERVICE SUPERVISOR,802
DISTRICT ATTORNEY'S INVESTIGATIVE ASSISTANT,803
POLICE SERVICES AIDE,804
WINDOW CLEANER,805
CITIZENS COMPLAINT OFFICER,806
FIELD SERVICES ASSISTANT SUPERVISOR,807
SOFT FLOOR COVERER,808
MATERIALS TESTING AIDE,809
SENIOR PSYCHIATRIC ORDERLY,810
CURATOR II,811
VICTIM/WITNESS INVESTIGATOR II,812
LEGAL SECRETARY I,813
TRANSIT TRAFFIC CHECKER,814
JANITORIAL SERVICES SUPERVISOR,815
CHILD SUPPORT OFFICER II,816
PRINCIPAL WATER SERVICES CLERK,817
METALSMITH,818
PLANNER I,819
IS OPERATOR - ANALYST,820
HEAD PHOTOGRAPHER,821
SENIOR LEGAL PROCESS CLERK,822
WINDOW CLEANER SUPERVISOR,823
SENIOR COLLECTIONS OFFICER,824
INVENTORY CLERK,825
ACUPUNCTURIST,826
PHYSICAL THERAPY AIDE,827
IS PROGRAMMER ANALYST - ASSISTANT,828
FORENSIC AUTOPSY TECHNICIAN,829
DOCUMENT EXAMINER TECHNICIAN,830
SENIOR PERMIT AND CITATION CLERK,831
MEDIA PROGRAMMING SPECIALIST,832
FOOD SERVICE WORKER,833
MAYORAL STAFF X,834
ZOO CURATOR,835
SENIOR SWIMMING INSTRUCTOR,836
SENIOR TRANSIT INFORMATION CLERK,837
FINGERPRINT TECHNICIAN II,838
PHARMACY HELPER,839
LIBRARY TECHNICAL ASSISTANT I,840
BENEFITS ANALYST,841
DISEASE CONTROL INVESTIGATOR,842
STORES AND EQUIPMENT ASSISTANT SUPERVISOR,843
SENIOR LAUNDRY WORKER,844
ASSISTANT COUNSELOR,845
IS TECHNICIAN - JOURNEY,846
CUSTODIAN,847
CITY PLANNING GRAPHICS SUPERVISOR,848
COURT ADMINISTRATIVE SECRETARY,849
ACCOUNTANT,850
SENIOR BOOK REPAIRER,851
WHARFINGER I,852
HEALTH WORKER II,853
BAKER,854
SENIOR WATER SERVICES CLERK,855
SENIOR STOREKEEPER,856
URBAN FORESTRY INSPECTOR,857
MEDICAL EXAMINER'S INVESTIGATOR I,858
ENVIRONMENTAL ASSISTANT,859
ASPHALT WORKER,860
SENIOR CLERK TYPIST,861
PATIENT ACCOUNTS CLERK,862
"SECRETARY, BUILDING INSPECTION COMMISSION",863
SENIOR MORGUE ATTENDANT,864
IS TRAINER - ASSISTANT,865
TRANSIT INFORMATION CLERK,866
ANIMAL CONTROL OFFICER,867
PERMIT AND CITATION CLERK,868
ELECTROENCEPHALOGRAPH TECHNICIAN I,869
ANIMAL KEEPER,870
ENVIRONMENTAL HEALTH TECHNICIAN I,871
SHELTER OFFICE SUPERVISOR,872
DENTAL AIDE,873
MAYORAL STAFF VII,874
HEALTH WORKER III,875
VICTIM/WITNESS INVESTIGATOR I,876
CASHIER II,877
AIRPORT NOISE ABATEMENT SPECIALIST,878
JUNIOR MANAGEMENT ASSISTANT,879
RESEARCH ASSISTANT,880
COURT ALTERNATIVE SPECIALIST I,881
SENIOR PERSONNEL CLERK,882
INDUSTRIAL INJURY INVESTIGATOR,883
COURT PARALEGAL,884
SPECIAL ASSISTANT XVIII,885
CLERK TYPIST,886
LEGISLATIVE CALENDAR CLERK,887
BUILDING AND GROUNDS PATROL OFFICER,888
SOCIAL WORKER,889
ACCOUNT CLERK,890
ARTS PROGRAM ASSISTANT,891
HUMAN SERVICES TECHNICIAN,892
ORTHOPEDIC TECHNICIAN II,893
ENVIRONMENT HEALTH TECHNICIAN II,894
IS OPERATOR - JOURNEY,895
SENIOR OPERATIONS MANAGER,896
SENIOR MEDICAL TRANSCRIBER TYPIST,897
VENDOR,898
HEALTH WORKER I,899
MEDICAL TRANSCRIBER TYPIST,900
SENIOR UNIT CLERK,901
EMPLOYMENT AND TRAINING SPECIALIST I,902
MEDICAL STAFF SERVICES DEPARTMENT SPECIALIST,903
JUNIOR ADMINISTRATIVE ANALYST,904
COLLECTIONS OFFICER,905
METER READER,906
ELECTIONS WORKER,907
SENIOR PHARMACY HELPER,908
ASSISTANT COOK,909
SENIOR TELEPHONE OPERATOR,910
INSTITUTIONAL POLICE LIEUTENANT,911
DEPUTY SEALER OF WEIGHTS AND MEASURES,912
CASHIER III,913
OFFSET MACHINE OPERATOR,914
ACCOUNTANT INTERN,915
SHELTER SERVICE REPRESENTATIVE,916
MEDIA PRODUCTION TECHNICIAN,917
RECREATION COORDINATOR,918
AGRICULTURAL INSPECTOR,919
PATIENT SERVICES FINANCE TECHNICIAN,920
RESPIRATORY CARE PRACTITIONER,921
INSPECTOR OF WEIGHTS AND MEASURES,922
ANIMAL CARE ATTENDANT,923
BEAUTICIAN,924
"LEGISLATIVE ASSISTANT, CITY ATTORNEY'S OFFICE",925
CURATOR I,926
MUSEUM REGISTRAR,927
LIGHTING FIXTURE MAINTENANCE WORKER,928
BACTERIOLOGICAL LABORATORY ASSISTANT,929
ASSISTANT POWER HOUSE OPERATOR,930
COMMUNITY DEVELOPMENT ASSISTANT,931
ASSISTANT RECREATION DIRECTOR,932
SHELTER OFFICE ASSISTANT SUPERVISOR,933
LIBRARY ASSISTANT,934
ANIMAL CARE ASSISTANT SUPERVISOR,935
SUPERVISING BUILDING AND GROUNDS PATROL OFFICER,936
GRAPHIC ARTIST,937
FINGERPRINT TECHNICIAN I,938
PHOTOGRAPHER,939
SHERIFF'S CADET,940
RECREATION SPECIALIST,941
HEALTH CARE BILLING CLERK I,942
BENEFITS TECHNICIAN,943
MARINA ASSISTANT MANAGER,944
SENIOR MICROPHOTO/IMAGING TECHNICIAN,945
SENIOR FOOD SERVICE WORKER,946
SENIOR ASSESSMENT CLERK,947
SENIOR MUSEUM PREPARATOR,948
SENIOR MATERIALS AND SUPPLIES SUPERVISOR,949
ELECTIONS CLERK,950
PLANNER TECHNICIAN,951
PORTER ASSISTANT SUPERVISOR,952
SENIOR OFFSET MACHINE OPERATOR,953
CRAFTS INSTRUCTOR,954
"YOUTH COMMISSION ADVISOR, BOARD OF SUPERVISORS",955
TRANSCRIBER TYPIST,956
PERSONNEL CLERK,957
STABLE ATTENDANT,958
CASHIER I,959
LEGAL PROCESS CLERK,960
DIETETIC TECHNICIAN,961
BRAILLIST,962
SHADE AND DRAPERY WORKER,963
TELEPHONE OPERATOR,964
SIGNAL AND SYSTEMS ENGINEER,965
VICTIM & WITNESS TECHNICIAN,966
BOOK REPAIRER,967
SPECIAL ASSISTANT III,968
REAL PROPERTY APPRAISER TRAINEE,969
LABORATORY HELPER,970
FARMER,971
ASSESSMENT CLERK,972
MUSEUM PREPARATOR,973
SWIMMING INSTRUCTOR/POOL LIFEGUARD,974
ASSOCIATE MUSEUM REGISTRAR,975
INSTITUTION UTILITY WORKER,976
"SECRETARY,JUVENILE PROBATION COMMISSION",977
HOUSEKEEPER/FOOD SERVICE CLEANER,978
CLAIMS PROCESS CLERK,979
PUBLIC SERVICE AIDE-ASSOCIATE TO PROFESSIONALS,980
CHIEF TELEPHONE OPERATOR,981
CUSTOMER SERVICE AGENT TRAINEE,982
HOME HEALTH AIDE,983
MAYORAL STAFF IV,984
MATERIALS AND SUPPLIES SUPERVISOR,985
SUPPLY ROOM ATTENDENT,986
"SENIOR SUPERVISING PROBATION OFFICER, JUVENILE POU",987
STUDENT DESIGN TRAINEE 2/ARC-ENG-PLNG,988
PUBLIC RELATIONS ASSISTANT,989
DEPUTY COURT CLERK I,990
STUDENT DESIGN TRAINEE 1/ARC-ENG-PLNG,991
LIBRARY PAGE,992
JUNIOR CLERK TYPIST,993
JUNIOR CLERK,994
CHILD CARE SPECIALIST,995
PUBLIC SERVICE AIDE-SPECIAL PROGRAMS,996
MORGUE ATTENDANT,997
MICROPHOTO/IMAGING TECHNICIAN,998
ENVIRONMENTAL SERVICE WORKER,999
PRINCIPAL RECREATION SUPERVISOR,1000
ANIMAL HEALTH TECHNICIAN,1001
VETERNIARY LABORATORY TECHNOLOGIST,1002
STUDENT DESIGN TRAINEE 3/ARC-ENG-PLNG,1003
PUBLIC SERVICE AIDE-HEALTH SERVICES,1004
CRIMINALIST I,1005
SENIOR TRANSCRIBER TYPIST,1006
MAYORAL STAFF II,1007
IS TECHNICIAN - ASSISTANT,1008
PRINCIPAL MUSEUM PREPARATOR,1009
APPRENTICE GARDENER,1010
PUBLIC SERVICE AIDE-ADMINISTRATIVE,1011
"SECRETARY, HUMAN SERVICES COMMISSION",1012
PUBLIC SERVICE AIDE-ASSISTANT TO PROFESSIONALS,1013
FIRE ALARM DISPATCHER,1014
CHIEF PREPARATOR,1015
RECREATION LEADER,1016
SUPERIOR COURT JUDGE,1017
TRAFFIC SIGNAL OPERATOR,1018
"ASSISTANT DIRECTOR, JUVENILE HALL",1019
SHERIFF'S PROPERTY KEEPER,1020
TESTING TECHNICIAN,1021
WATERSHED WORKER (SEASONAL),1022
PIANIST,1023
SENIOR DATA ENTRY OPERATOR,1024
"AIRPORT ASSISTANT DEPUTY DIRECTOR, OPERATIONS",1025
AUDIOMETRIST,1026
MAYORAL STAFF V,1027
RECREATION DIRECTOR,1028
BARBER,1029
SCHOOL CROSSING GUARD,1030
MAYORAL STAFF XI,1031
COMMISSIONER,1032
"BOARD COMMISSION MEMBER, $200 PER MEETING",1033
CITY PLANNING INTERN,1034
SPECIAL EXAMINER,1035
CAMP ASSISTANT,1036
ORTHOPEDIC TECHNICIAN I,1037
WAREHOUSE WORKER,1038
ASSISTANT RECREATION SUPERVISOR,1039
"BOARD/COMMISSION MEMBER, GROUP V",1040
"AIRPORT ASSISTANT DEPUTY DIRECTOR, BUSINESS ADMINI",1041
"BOARD/COMMISSION MEMBER, GROUP III",1042
"BOARD/COMMISSION MEMBER, GROUP II",1043
SPECIAL ASSISTANT XIV,1044
PUBLIC SAFETY COMMUNICATIONS TECHNICIAN,1045
"Lieutenant, Fire Suppression",1046
Chief of Police,1047
Electronic Maintenance Tech,1048
"Chief, Fire Department",1049
EMT/Paramedic/Firefighter,1050
Dept Head V,1051
"Gen Mgr, Public Trnsp Dept",1052
Captain 3,1053
Asst Chf of Dept (Fire Dept),1054
"Battlion Chief, Fire Suppressi",1055
Assistant Deputy Chief 2,1056
Transit Manager 2,1057
Asst Med Examiner,1058
Dep Chf of Dept (Fire Dept),1059
Executive Contract Employee,1060
"Captain, Fire Suppression",1061
Deputy Chief 3,1062
"Adm, SFGH Medical Center",1063
Controller,1064
Mayor,1065
Firefighter,1066
Anesthetist,1067
Senior Physician Specialist,1068
Nursing Supervisor Psychiatric,1069
"Dep Dir for Investments, Ret",1070
"Manager VIII, MTA",1071
Port Director,1072
Lieutenant 3,1073
Incident Support Specialist,1074
District Attorney,1075
Manager VIII,1076
Dep Dir V,1077
Emergency Medical Svcs Chief,1078
Nursing Supervisor,1079
"Deputy Dir II, MTA",1080
"Captain, Emergency Med Svcs",1081
Dept Head IV,1082
"Cfdntal Chf Atty 2,(Cvl&Crmnl)",1083
Commander 3,1084
City Attorney,1085
Inspector 3,1086
Nurse Manager,1087
Human Resources Director,1088
"Lieut,Fire Prev",1089
Police Officer 3,1090
Supervising Physician Spec,1091
Special Assistant 22,1092
Dept Head III,1093
Sergeant 3,1094
Forensic Toxicologist,1095
Chief Atty1 (Civil & Criminal),1096
Transit Supervisor,1097
Public Defender,1098
Wire Rope Cable Maint Sprv,1099
Nurse Practitioner,1100
Dep Dir IV,1101
"Insp, Fire Dept",1102
Pharmacist,1103
"Chf Prob Ofc, Juv Court",1104
Chief Adult Probation Officer,1105
"Deputy Dir I, MTA",1106
Assistant Chief Attorney 2,1107
Manager I,1108
Court Executive Officer,1109
Sheriff (SFERS),1110
Dir Emp Relations Div,1111
Police Officer 2,1112
Manager VII,1113
Registered Nurse,1114
Assistant Chief Attorney 1,1115
Project Manager 4,1116
"Invstgtor,Fire Dept",1117
"Sergeant, (Police Department)",1118
Manager V,1119
Physician Assistant,1120
Sergeant 2,1121
Electrical Trnst Shop Sprv 1,1122
Manager VI,1123
Dept Head I,1124
Fire Safety Inspector 2,1125
Diagnostic Imaging Tech II,1126
Clinical Nurse Specialist,1127
Dep Dir III,1128
Diagnostic Imaging Tech III,1129
Undersheriff,1130
Dept Head II,1131
"Head Atty, Civil & Criminal",1132
"Manager VII, MTA",1133
Mayoral Staff XVII,1134
Engineer/Architect Principal,1135
Assoc Engineer,1136
Assistant Sheriff,1137
Eng/Arch/Landscape Arch Sr,1138
Attorney (Civil/Criminal),1139
Transmission Line Supervisor 1,1140
Physician Specialist,1141
Automotive Mechanic Sprv 1,1142
Engineer,1143
Train Controller,1144
Electrical Transit System Mech,1145
Sheriff's Lieutenant,1146
"Asst Chf Prob Ofc, Juv Prob",1147
IS Manager,1148
Clinical Pharmacist,1149
Chief Deputy Sheriff,1150
"Electrl Trnst Mech, Asst Sprv",1151
Assistant Inspector 3,1152
"Attorney, Tax Collector",1153
Automotive Mechanic,1154
Marine Engineer of Fire Boats,1155
"Board Scty, MTA",1156
Heating/Ventilating Inspector,1157
Assessor,1158
Utility Specialist,1159
Treasurer,1160
IS Business Analyst-Principal,1161
Project Manager 3,1162
Pilot of Fire Boats,1163
Court Commissioner,1164
"Director, Info Tech Group",1165
Sr Power Generation Tech,1166
Senior Comm Systems Technican,1167
Sewage Treatment Plant Supt,1168
Special Assistant 21,1169
"Manager VI, MTA",1170
Trans and Dist Line Worker,1171
Manager IV,1172
Law Librarian,1173
Sheriff's Sergeant,1174
Assistant Inspector,1175
Wire Rope Cable Maint Mechanic,1176
Senior Deputy Sheriff,1177
Water Const&Main Supt,1178
Police Officer,1179
Dep Dir II,1180
Supervising Pharmacist,1181
IS Engineer-Principal,1182
Landscape Architect,1183
Transit Operations Specialist,1184
Chief Stationary Engineer,1185
Electr Maint Tech Asst Sprv,1186
Architectural Associate 1,1187
Landscape Architect Assoc 2,1188
Architect,1189
Sheriff's Captain,1190
Utility Plumber Supervisor 2,1191
Bldgs & Grounds Maint Supt,1192
Assistant Inspector 2,1193
Transit Power Line Worker,1194
Fire Rescue Paramedic,1195
Communications Line Wrk Sprv 2,1196
Deputy Sheriff,1197
Utility Plumber Supervisor 1,1198
"Manager V, MTA",1199
Manager III,1200
Lieutenant 2,1201
Electrician,1202
IS Engineer-Journey,1203
Transit Power Line Sprv1,1204
Power Generation Supervisor,1205
Automotive Trnst Shop Sprv 1,1206
Communications Systems Tech,1207
Trnst Power Line Wrk Sprv 2,1208
Airport Mechanical Maint Sprv,1209
"Inspector, (Police Department)",1210
Plumbing Inspector,1211
Dentist,1212
Utility Plumber,1213
Transit Operator,1214
Sr Court Staff Attorney,1215
"Asst Chf, Bur Clm Invest&Admin",1216
Court Computer Sys Manager,1217
Electrical Trnst Mech Sprv 1,1218
Public Health Nurse,1219
Project Manager 2,1220
Nurse Midwife,1221
Sewer Repair Supervisor,1222
Inspector 2,1223
Special Assistant 19,1224
Sr Light Rail Veh Equip Eng,1225
"Manager,Employee Relations Div",1226
Electrician Supervisor 1,1227
Manager II,1228
IS Project Director,1229
"Asst.Dep.Dir., Port",1230
Head Park Patrol Officer,1231
Track Maint Wrk Sprv 1,1232
Pr Administrative Analyst,1233
Asst Dir Clinical Svcs 2,1234
Trans Safety Specialist,1235
Institutional Police Sergeant,1236
Chief Water Service Inspector,1237
Architectural Associate 2,1238
Mayoral Staff XVI,1239
Power Generation Technician 2,1240
"Manager III, MTA",1241
Crime Lab Mgr,1242
Special Assistant 16,1243
Stationary Engineer,1244
"Manager IV, MTA",1245
Chf District Atty Investigator,1246
Disability Access Coordinator,1247
Sprv Electronic Main Tech,1248
"Director, Fiscal Services",1249
Telecommunications Tech Supv,1250
Senior Stationary Engineer,1251
Water Operations Analyst,1252
Criminalist III,1253
"Station Agent, Muni Railway",1254
Administrative Engineer,1255
Court Administrator,1256
Supt Water Treatment Fac,1257
Structural Engineer,1258
Operating Room Nurse,1259
Automotive Mechanic Asst Sprv,1260
Radiologic Tech Sprv,1261
Planner 5,1262
Mech Shop & Equip Supt,1263
Court Reporter Coordinator,1264
Airport Electrician,1265
"Chf Statnry Eng,WtrTreat Plnt",1266
Fire Protection Engineer,1267
Chief Building Inspector,1268
Special Nurse,1269
Court Staff Attorney II,1270
IS Engineer-Senior,1271
Plumber Supervisor 1,1272
"Operating Engineer, Universal",1273
Maintenance Controller,1274
Landscape Architect Assoc 1,1275
Asst Engr,1276
Mayoral Staff XV,1277
Public Relations Mgr,1278
Electrical Line Helper,1279
Chief Plumbing Inspector,1280
"Chf Stationary Eng, Sew Plant",1281
Senior Electrical Inpsector,1282
Electrical Inspector,1283
"Ex Asst to Ex Dir, Retirement",1284
Emergency Med Svcs Agency Spec,1285
Construction Inspector,1286
Automotive Body & Fender Wrk,1287
"Sr Statnry Eng, Wtr Treat Plnt",1288
Principal Real Property Ofc,1289
Lab Svcs Mgr,1290
Bldg & Grounds Maint Sprv,1291
IS Business Analyst-Senior,1292
Asst Electronic Main Tech,1293
Electrician Supervisor 2,1294
Assistant Law Librarian,1295
Protective Services Supervisor,1296
Senior Building Inspector,1297
Transit Paint Shop Sprv1,1298
IS Prg Analyst-Principal,1299
Dep Dir I,1300
Traf Signal Electrician Sup II,1301
Chief Electrical Inspector,1302
Court Manager,1303
Electrical Line Worker,1304
Public SafetyComm Supv,1305
Auto Body & Fender Wrk Sprv 1,1306
Utility Plumber Apprentice,1307
Supervising Purchaser,1308
Diagnostic Imaging Tech IV,1309
Locksmith Supervisor 1,1310
Plumber,1311
Senior Water Service Inspector,1312
Senior Const Inspector,1313
Diagnostic Imaging Tech I,1314
Claims Investigator,1315
Contract Compliance Officer 2,1316
Welder,1317
Public SafetyComm Disp,1318
"Director, Juvenile Hall",1319
Senior Occupational Therapist,1320
Maintenance Machinist,1321
Water Conservation Admin,1322
"Director, Human Resources",1323
Traffic Signal Electrician,1324
Communication Line Sprv1,1325
Communications Director,1326
Plumber Supervisor 2,1327
Planner 4,1328
"Director, Probation Services",1329
Med Examiner's InvestigatorIII,1330
Traf Signal Electrician Sup I,1331
"Div Director, Adult Probation",1332
Health Program Coordinator 3,1333
"Sr. Stationary Eng, Sew Plant",1334
Senior Industrial Hygienist,1335
Street Repair Supervisor 2,1336
Safety Officer,1337
Perf Analyst III Project Mgr,1338
Airport Operations Supervisor,1339
Senior Housing Inspector,1340
Planner 4-Environmental Review,1341
Chief Housing Inspector,1342
Court Reporter,1343
"Manager II, MTA",1344
Senior Plumbing Inspector,1345
Chief Dep Adlt Prob Of (SFERS),1346
Prnpl Admin Analyst II,1347
Water Service Inspector,1348
"Ex Asst to Admin, SFGH",1349
Building Inspector,1350
IS Administrator 3,1351
Automotive Machinist Sprv 1,1352
Asst Dir of Clinical Svcs 1,1353
Govrnmt/Publ Affairs Mgr,1354
Supv Chemist,1355
Survey Associate,1356
Asst Chf Dist Atty's Invstgtor,1357
Chief Fire Alarm Dispatcher,1358
Chief Surveyor,1359
Automotive Machinist,1360
Electr Instrmntn Tech Wtr Poll,1361
Transit Planner 4,1362
"Marriage, Family & Child Cnslr",1363
Airport Electrician Supervisor,1364
Fiscal Services Supervisor,1365
"Supervising Mediator, UFCS",1366
Chf Victim/Witness Invstgtor,1367
Court Supervisor II,1368
Sr Environmental Hlth Insp,1369
Principal Personnel Analyst,1370
Senior Administrative Analyst,1371
Project Manager 1,1372
Airport Economic Planner,1373
Senior Physical Therapist,1374
Ct Comp App Programmer,1375
Mayoral Staff XIII,1376
Airport Safety Officer,1377
Mayoral Staff XIV,1378
Med Examiner's Investigator II,1379
Asst Forensic Toxicologist 1,1380
Maintenance Manager,1381
Cable Splicer,1382
IS Administrator-Supervisor,1383
Supv Biologist,1384
Pr Environmental Hlth Insp,1385
Auto Machinist Asst Sprv,1386
Shelter Veterinarian,1387
Sewer Service Worker,1388
"Real Estate Devt. Mgr, SFMTA",1389
Statnry Eng Water Treat Plant,1390
Carpenter Supervisor 2,1391
Senior Emp Relations Repres,1392
Maintenance Machinist Sprv 1,1393
Criminalist II,1394
Investigator/Transit Fare Supv,1395
Biologist III,1396
District Attry's Investigator,1397
Sr District Atty Investigator,1398
Automotive Service Worker,1399
"Stationary Eng, Sewage Plant",1400
Sheet Metal Supervisor 1,1401
Media/Security Syst Supv,1402
Protective Services Worker,1403
Steamfitter Supervisor I,1404
Accountant IV,1405
"Senior Property Manager, Port",1406
Employment & Training Spec 6,1407
Line Inspector,1408
Pub Safety Communication Coord,1409
Senior Personnel Analyst,1410
"Member, Board of Supervisors",1411
Hospital Elig Wrk Supervisor,1412
Sprv Clincal Psychologist,1413
Transit Manager 1,1414
Heavy Equipment Ops Sprv,1415
Special Assistant 15,1416
Steamfitter,1417
Carpenter Supervisor 1,1418
Principal Mgmt Analyst,1419
Senior Real Property Officer,1420
Senior Plan Checker,1421
Auditor III,1422
"Director, Probate",1423
"Ex Dir, SE Com Fac Comm",1424
Senior Claims Investigator,1425
Track Maintenance Worker,1426
Pharmacy Technician,1427
Architectural Administrator,1428
IS Administrator 1,1429
Safety Analyst,1430
Switch Repairer,1431
Institutional Police Officer,1432
Chemist III,1433
Senior Power House Operator,1434
Industrial Hygienist,1435
Crane Mechanic Supervisor,1436
Claims Adjuster,1437
Senior Street Inspector,1438
Pr Real Property Appraiser,1439
Street Environ Svcs Oprs Supv,1440
EEO Senior Specialist,1441
Pr Personal Property Auditor,1442
Medical Records Tech Sprv,1443
Maintenance Planner,1444
Court Interpreter Supervisor,1445
Materials Coordinator,1446
Parking Enforcement Admin,1447
Maritime Marketing Repr,1448
"SrClaimsInvstgtor,Cty Atty Ofc",1449
Sr Community Dev Spec 2,1450
Principal Environ Specialist,1451
Pr Payroll & Personnel Clerk,1452
"Sr Counselor, Juvenile Hall",1453
"Counselor, Family Court Svc",1454
Asst Superintendent Rec,1455
Sprv Wastewater Cont Inspector,1456
Research Psychologist,1457
Housing Inspector,1458
Watershed Forester,1459
Ct Comp Sys Engineer II,1460
"Sprv Prob Ofc, Juv Court",1461
Ct Comp App Analyst,1462
Truck Driver,1463
Coord of Citizen Involvement,1464
Sr Human Resources Analyst,1465
Occupational Therapist,1466
Car and Auto Painter,1467
Accountant III,1468
Water & Power Maint Sprv 1,1469
Sheet Metal Worker,1470
Elevator and Crane Technician,1471
Physical Therapist,1472
Audiologist,1473
Licensed Vocational Nurse,1474
Worker's Comp Supervisor 1,1475
General Laborer Supervisor 1,1476
Electric Motor Repair Sprv 1,1477
Security Analyst,1478
"Coord, Human Rights Comm",1479
Piledriver Supervisor 1,1480
Environmental Health Inspector,1481
"Area Sprv Parks, Squares & Fac",1482
Planner 3-Environmental Review,1483
Clinical Psychologist,1484
Training Coordinator,1485
Planner 3,1486
Parking Control Officer,1487
Pipe Welder,1488
"Court Invstgtor, Superior Crt",1489
Painter Supervisor 1,1490
Benefits Supervisor,1491
Asst Materials Coordinator,1492
Sr. Community Devl Spc 1,1493
IS Engineer-Assistant,1494
Bd/Comm Secretary 3,1495
Cement Finisher Supervisor 1,1496
Regulatory Specialist,1497
Probate Examiner,1498
Forester,1499
Sr Airport Communications Disp,1500
Power Plant Supervisor 1,1501
Sup Welfare Fraud Investigator,1502
Airport Communications Disp,1503
"Track Maint Supt, Muni Railway",1504
Mental Health Hearing Officer,1505
Street Inspection Supervisor,1506
Emergency Services Coord IV,1507
Senior Health Educator,1508
Fusion Welder,1509
Transit Planner III,1510
Park Section Supervisor,1511
Soft Floor Coverer Supvr I,1512
Senior Real Property Appraiser,1513
Heavy Equip Ops Asst Sprv,1514
Transit Car Cleaner,1515
Administrative Analyst,1516
Deputy Probation Officer,1517
Senior Microbiologist,1518
Municipal Stadium Groundskpr,1519
Carpenter,1520
Librarian 3,1521
Sprv Adult Probation Ofc,1522
Airport Property Specialist 1,1523
Electric Motor Repairer,1524
"Court Asst-Sr, Superior Court",1525
Program Support Analyst,1526
"Sr Marriage, Fam & Cld Cnslr",1527
Ornamental Iron Wrk Sprv 1,1528
"Claims Investigator, CA",1529
Social Work Specialist,1530
Sr Personal Property Auditor,1531
Sr Psychiatric Social Worker,1532
Wastewater Control Inspector,1533
Asphalt Plant Supervisor 1,1534
Museum Sec Supv,1535
Transit Car Cleaner Asst Sprv,1536
Media/Security Sys Spec,1537
Stage Electrician,1538
Senior Purchaser,1539
"Property Manager, Port",1540
Senior Health Program Planner,1541
Legislative Assistant,1542
Pile Worker,1543
Real Property Manager,1544
Curator 4,1545
Biologist I/II,1546
IS Administrator 2,1547
Contract Compliance Officer 1,1548
Surgical Procedures Technician,1549
Clerk,1550
Chf Payroll & Personnel Clerk,1551
Senior Parking Control Officer,1552
Speech Pathologist,1553
Sr Public Defenders Invstgtor,1554
Medical Social Work Supervisor,1555
Psychiatric Social Worker,1556
Court Training Specialist,1557
Airport Emerg Planning Coord,1558
Power House Operator,1559
General Laborer,1560
IS Business Analyst,1561
Arborist Technician Supervisor,1562
Auditor II,1563
Food Service Mgr Administrator,1564
Performance Analyst II,1565
Administrative Services Mgr,1566
Epidemiologist 2,1567
"Asst Clk, Board of Supervisors",1568
Airports Communications Sprv,1569
Patient Care Assistant,1570
Pr Fare Collections Receiver,1571
Maintenance Scheduler,1572
Employment & Training Spec 5,1573
Asst Chf Victim/Wit Invstgtor,1574
General Utility Mechanic,1575
"Sr Investigator, OCC",1576
IS Programmer Analyst-Senior,1577
"Counselor, Log Cabin Ranch",1578
Conservatorship/Case Mgt Sprv,1579
Sr. Environmental Spec,1580
Glazier Supervisor 1,1581
Counselor 2,1582
Engineering Associate 2,1583
Commercial Div Asst Sprv,1584
"Secretary, Comm on the Environ",1585
Glazier,1586
Nursing Assistant,1587
Bricklayer,1588
Auto Svc Wrk Asst Sprv,1589
Sup Ct Admin Secretary,1590
Sr Payroll & Personnel Clerk,1591
Supervising Parts Storekeeper,1592
Locksmith,1593
Park Patrol Officer,1594
"Aprntc Statnry Eng, Sew Plant",1595
Piledriver Engine Operator,1596
Patient Accounts Manager,1597
Welfare Fraud Investigator,1598
"Pr Investigator, Tax Collector",1599
"Feasibility Analyst, Port",1600
Community Police Services Aide,1601
Water QualityTech I/II,1602
Street Inspector,1603
Chemist I/II,1604
"Sprv, Traffic & Street Signs",1605
"Mgr, Unified Family Court Svcs",1606
Comm Pol Svcs Aide Supervisor,1607
Asphalt Finisher Supervisor 1,1608
Program Specialist Supervisor,1609
Mental Hlth Treatment Spec,1610
Real Property Appraiser,1611
Sr Cent Proc & Dist Tech,1612
Employment & Training Spec 3,1613
Senior Medical Social Worker,1614
Librarian 2 - Asian Arts,1615
Deputy Court Clerk III,1616
Training Officer,1617
Public Relations Officer,1618
Junior Engineer,1619
Medical Records Technician,1620
Traffic Sign Manager,1621
Main Machinist Asst Sprv,1622
Sr Employee Asst Counselor,1623
Ex Asst to the Controller,1624
Parking Hearing Examiner,1625
IS Technician-Supervisor,1626
"Secretary, Library Commission",1627
Rent Board Supervisor,1628
Medical Evaluations Assistant,1629
Employee Relations Representat,1630
Criminal Justice Specialist 2,1631
Emp & Training Spec 4,1632
IS Trainer-Senior,1633
Museum Guard,1634
Assistant Const Inspector,1635
Librarian 2,1636
Medical Social Worker,1637
Principal Clerk,1638
Dental Hygienist,1639
Personnel Analyst,1640
"Market Research Spec, Port",1641
Mayoral Staff XII,1642
Water Quality Tech III,1643
Child Support Officer III,1644
"Asst Dir, Log Cabin Rnch",1645
Health Educator,1646
Victim/Witness Investigator 3,1647
Cfdntal Sctry to Distric Atty,1648
"Rep, Human Rights Comm",1649
Power Generation Technician 1,1650
Nutritionist,1651
Invstgtor Ofc Citizen Cmplnts,1652
Senior Management Assistant,1653
Arborist Technician Supv II,1654
Sr General Utility Mechanic,1655
Executive Secretary 3,1656
Asst General Services Manager,1657
Senior Benefits Analyst,1658
Fingerprint Technician 3,1659
Senior Fiscal Technician,1660
Media Training Specialist,1661
Building Services Technician,1662
Roofer Supervisor 1,1663
Central Processing & Dist Tech,1664
Microbiologist,1665
"Counselor, Juvenile Hall",1666
"AprntcStatnry Eng,WtrTreatPlnt",1667
Senior Clerk Typist,1668
Media Production Supv,1669
Chief Nursery Specialist,1670
Executive Secretary 2,1671
Public Defender's Investigator,1672
Rehabilitation Svcs Coord,1673
Painter,1674
"Dir of Act, Therapy & Vol Svcs",1675
"Investigator,Taxi & AccessSvcs",1676
Purchaser,1677
Specialist in Aging 2,1678
Chief Dietitian,1679
Personnel/Payroll Repres,1680
Pattern Maker,1681
IT Operations Support Admin IV,1682
IS Operator-Senior,1683
Public Health Team Leader,1684
Vet Laboratory Technologist,1685
Health Program Coordinator 2,1686
Communications Dispatcher 2,1687
Survey Assistant II,1688
X-Ray Laboratory Aide,1689
Cfdntal Sctry to City Atty,1690
Employee Assistance Counselor,1691
Watershed Keeper Supervisor,1692
"Rep, Comm Status of Women",1693
Training Technician,1694
Health Program Planner,1695
Social Work Supervisor,1696
Ornamental Iron Worker,1697
Estate Investigator,1698
Senior Estate Investigator,1699
Parking Meter Repairer Sprv 1,1700
Eligibility Worker Supervisor,1701
Mayoral Staff X,1702
"Investigator, Tax Collector",1703
Cook,1704
Program Specialist,1705
Recreation Supervisor,1706
Patient Accounts Supervisor,1707
Physical Therapist Assistant,1708
Sr Fare Collections Receiver,1709
Emergency Planning Coordinator,1710
Assistant Industrial Hygienist,1711
Planner 2,1712
Transit Planner 2,1713
Worker's Compensation Adjuster,1714
EEO Programs Specialist,1715
Engineering Associate 1,1716
Environmental Spec,1717
Parts Storekeeper,1718
Librarian 1,1719
Hospital Eligiblity Worker,1720
Court Clerk,1721
Health Care Analyst,1722
IS Trainer-Journey,1723
IS Operator-Journey,1724
"Sctry, Bldg Inspection Comm",1725
IS Business Analyst-Assistant,1726
Legal Assistant,1727
Utility Analyst,1728
Architectural Assistant 2,1729
Med Staff Svcs Dept Anl,1730
Personal Property Auditor,1731
Apprentice Stationary Engineer,1732
Mayoral Staff XI,1733
Payroll Clerk,1734
Customer Service Agent Supv,1735
"Assoc Musm Cnsrvt, AAM",1736
Arborist Technician,1737
Prpl Permit and Citation Clerk,1738
Mayoral Staff IX,1739
"Secretary, Health Commission",1740
Psychiatric Technician,1741
Eligibility Worker,1742
Integrated Pest Mgmt Specialst,1743
Senior Personnel Clerk,1744
Roofer,1745
Dietitian,1746
Senior Social Worker,1747
"Court Asst., Superior Court",1748
Chief Clerk,1749
Secretary 1,1750
Fare Collections Receiver,1751
Soft Floor Coverer,1752
Senior Clerk,1753
Senior Eligibility Worker,1754
Porter Supervisor 1,1755
Gardener,1756
Med Examiner's Investigator I,1757
Sewer Maintenance Worker,1758
Assistant Retirement Analyst,1759
Legal Secretary 2,1760
Janitorial Svcs Asst Sprv,1761
Community Development Spec,1762
Wharfinger 2,1763
Curator 3,1764
Customer Service Agent,1765
Pharmacy Helper,1766
Hodcarrier,1767
Emp & Training Spec 2,1768
Custodial Assistant Supervisor,1769
Patient Accounts Asst Sprv,1770
Watershed Keeper,1771
Illustrator and Art Designer,1772
Environmental Hlth Tech 2,1773
Senior Museum Registrar,1774
Animal Care Supervisor,1775
IS Programmer Analyst,1776
Survey Assistant I,1777
Materials Testing Aide,1778
Principal Account Clerk,1779
Court Administrative Secretary,1780
Events & Facilities Specialist,1781
Mail & Reproduction Svc Sprv,1782
Transit Fare Inspector,1783
Management Assistant,1784
IS Technician-Senior,1785
Court Supervisor I,1786
Senior Parts Storekeeper,1787
Traffic Survey Technician,1788
Assistant Health Educator,1789
Forensic Laboratory Technician,1790
"Research Asst, Superior Court",1791
Accountant II,1792
Chief Preparator,1793
Document Examiner Technician,1794
Volunteer/Outreach Coord,1795
Health Worker 4,1796
Dist Atty Investigator (SFERS),1797
Deputy Court Clerk II,1798
Assistant Storekeeper,1799
Library Technical Assistant 2,1800
Principal Parts Storekeeper,1801
Citizens Complaint Officer,1802
Security Guard,1803
Court Interpreter,1804
Principal Water Services Clerk,1805
Chef,1806
Victim/Witness Investigator 2,1807
Custodial Supervisor,1808
Fiscal Technician,1809
Public Information Officer,1810
Window Cleaner,1811
Epidemiologist 1,1812
Materials Testing Technician,1813
Senior Transit Traffic Checker,1814
Window Cleaner Supervisor,1815
Rehabilitation Counselor,1816
Cement Mason,1817
Legal Secretary 1,1818
Deputy Probation Officer SFERS,1819
Nursery Specialist,1820
Water Meter Repairer,1821
Health Program Coordinator 1,1822
Collection Supervisor,1823
Fingerprint Technician 2,1824
Nurses Staffing Assistant,1825
Child Support Officer II,1826
Architectural Assistant 1,1827
Graphics Supervisor,1828
Legislation Clerk,1829
Executive Secretary 1,1830
Tile Setter,1831
DA Investigative Assist,1832
Aquatics Facility Supervisor,1833
Curator 2,1834
Library Technical Assistant 1,1835
Acupuncturist,1836
Benefits Analyst,1837
Assistant Purchaser,1838
Snr Permit and Citation Clerk,1839
Forensic Autopsy Technician,1840
Patient Accounts Clerk,1841
Janitorial Services Supervisor,1842
Porter,1843
IS Program Analyst-Assistant,1844
Therapy Aide,1845
Depty Sealer of Weights & Meas,1846
IS Operator-Analyst,1847
Stores & Equip Asst Sprv,1848
Field Svcs Asst Supv,1849
Parking Meter Repairer,1850
Food Service Supervisor,1851
Senior Collections Officer,1852
Storekeeper,1853
Airport Noise Abatement Spec,1854
Asphalt Worker,1855
Permit and Citation Clerk,1856
Secretary 2,1857
Senior Book Repairer,1858
Senior Legal Process Clerk,1859
Medical Records Clerk,1860
Engineering Assistant,1861
Health Care Billing Clerk 2,1862
Health Worker 3,1863
Senior Pharmacy Helper,1864
Senior Psychiatric Orderly,1865
Senior Morgue Attendant,1866
Media Programming Spec,1867
Asphalt Finisher,1868
Disease Control Investigator,1869
Health Worker 2,1870
Planner 1,1871
IS Technical-Journey,1872
Employment & Training Spec 1,1873
Senior Water Services Clerk,1874
Accountant I,1875
Transit Traffic Checker,1876
Senior Account Clerk,1877
Electroencephalograph Tech 1,1878
Personnel Technician,1879
Environmental Hlth Tech 1,1880
Respiratory Care Practitioner,1881
Research Assistant,1882
Junior Administrative Analyst,1883
Metalsmith,1884
Dental Aide,1885
Industrial Injury Investigator,1886
Baker,1887
Victim/Witness Investigator 1,1888
Urban Forestry Inspector,1889
Unit Clerk,1890
Criminalist I,1891
Environmental Assistant,1892
ASR Senior Office Specialist,1893
Supv Bldg Grounds Patrol Ofcr,1894
Senior Storekeeper,1895
Junior Management Assistant,1896
Custodian,1897
Shelter Officer Supervisor,1898
Senior Food Service Supervisor,1899
IS Trainer-Assistant,1900
Sign Worker,1901
Health Worker 1,1902
Patient Svcs Finance Tech,1903
Animal Control Officer,1904
Bldg & Grounds Patrol Officer,1905
Senior Laundry Worker,1906
Court Alternative Specialist 1,1907
Communications Dispatcher 1,1908
Social Worker,1909
Orthopedic Technician 2,1910
Animal Keeper,1911
Transit Information Clerk,1912
Community Development Asst,1913
Arts Program Assistant,1914
Senior Unit Clerk,1915
Human Services Technician,1916
Med Staff Svcs Dept Spc,1917
Museum Registrar,1918
Medical Transcriber Typist,1919
Elections Worker,1920
Senior Telephone Operator,1921
Assistant Counselor,1922
Collections Officer,1923
Clerk Typist,1924
Sprv Adult Prob Ofc (SFERS),1925
Admin Analyst 3,1926
Recreation Coordinator,1927
Chief Telephone Operator,1928
Sr Medical Transcriber Typist,1929
Public Service Trainee,1930
Swimming Instr/Pool Lifeguard,1931
Administrative Analyst II,1932
"Inspector, Weights & Measures",1933
Food Service Worker,1934
Mayoral Staff V,1935
Principal Museum Preparator,1936
Library Assistant,1937
Laboratory Technician II,1938
Farmer,1939
Account Clerk,1940
Offset Machine Operator,1941
Mobile Equipment Supervisor,1942
Meter Reader,1943
Photographer,1944
Inventory Clerk,1945
Media Production Tech,1946
Assessor-Recorder Office Spec,1947
Porter Assistant Supervisor,1948
Marina Assistant Manager,1949
Benefits Technician,1950
Health Care Billing Clerk 1,1951
Mayoral Staff VII,1952
Fingerprint Technician 1,1953
Transcriber Typist,1954
Recreation Specialist,1955
Sr. Microphoto/Imaging Tech.,1956
Shelter Service Rep,1957
Elections Clerk,1958
Curator 1,1959
Planner Technician,1960
Senior Museum Preparator,1961
Graphic Artist,1962
Agricultural Inspector,1963
Cashier 1,1964
Shelter Office Asst Supv,1965
Claims Process Clerk,1966
Assistant Cook,1967
Senior Offset Machine Operator,1968
Animal Care Asst Supv,1969
Animal Care Attendant,1970
Youth Comm Advisor,1971
Cashier 2,1972
Shade and Drapery Worker,1973
Sr Materials & Supplies Sprv,1974
Crafts Instructor,1975
Dietetic Technician,1976
Legal Process Clerk,1977
Admission Attendant,1978
Accountant Intern,1979
Associate Museum Registrar,1980
Stable Attendant,1981
Personnel Clerk,1982
"PrDAInvest,SpecUnit (SFERS)",1983
Lighting Fixture Maint Worker,1984
Braillist,1985
Chief Deputy Adlt Probation Of,1986
Head Airport Electrician,1987
Telephone Operator,1988
Head Photographer,1989
Laboratory Technician I,1990
ASR-Office Assistant,1991
Assessment Clerk,1992
Senior Food Service Worker,1993
Museum Preparator,1994
Senior Maintenance Controller,1995
Book Repairer,1996
Sheet Metal Wrk Supervisor 2,1997
Senior Transcriber Typist,1998
Aquatics Facility Asst Supv,1999
Housekeeper/Food Service Clnr,2000
Sheriff's Cadet,2001
Special Assistant 3,2002
Institution Utility Worker,2003
Materials/Supplies Supervisor,2004
Home Health Aide,2005
Public Relations Assistant,2006
Apprentice Gardener,2007
Supply Room Attendant,2008
"Sctry, Juv Probation Comm",2009
Library Page,2010
Assistant Power House Operator,2011
Junior Clerk Typist,2012
Special Assistant 14,2013
Microphoto/Imaging Technician,2014
Junior Clerk,2015
Child Care Specialist,2016
Beautician,2017
"StdntDsgnTrain3, Arch/Eng/Plng",2018
"StdntDsgnTrain1, Arch/Eng/Plng",2019
Sr Opers Mgr,2020
Sr Transit Information Clerk,2021
Morgue Attendant,2022
PS Aide to Prof,2023
Traffic Signal Operator,2024
Ct Comp Facilities Coord,2025
Mayoral Staff II,2026
Victim & Witness Technician,2027
Fire Alarm Dispatcher,2028
Police Services Aide,2029
"Assistant Director, Probate",2030
Public Service Aide-Admin,2031
Building Plans Engineer,2032
Painter Supervisor 2,2033
Publ Svc Aide-Asst to Prof,2034
Legislative Calendar Clerk,2035
Public Svc Aide-Public Works,2036
PS Aide Health Services,2037
Court Paralegal,2038
Animal Health Technician,2039
Environmental Service Worker,2040
StdntDsgn Train2/Arch/Eng/Plng,2041
Principal Recreation Sprv,2042
Statistician,2043
Senior Assessment Clerk,2044
Signal and Systems Engineer,2045
Mayoral Staff IV,2046
"Dir, Log Cabin Ranch (SFERS)",2047
Superior Court Judge,2048
Audiometrist,2049
Legislative Asst City Atty Ofc,2050
Swimming Instructor,2051
"Asst Director, Juvenile Hall",2052
"Sctry, Human Svcs. Commission",2053
Deputy Sheriff 1,2054
Customer Service Agent Trainee,2055
Wharfinger 1,2056
Sheriff's Property Keeper,2057
Recreation Leader,2058
"Pr DistAtty Invstgtor,SpecUnit",2059
"Counselor, Juvenile Hall SFERS",2060
"Counselor,Log Cabin Rnch SFERS",2061
Pool Lifeguard,2062
Special Assistant 10,2063
Sheriff,2064
Special Assistant 13,2065
Watershed Worker (Seasonal),2066
City Planning Intern,2067
Senior Data Entry Operator,2068
School Crossing Guard,2069
Orthopedic Technician 1,2070
Special Assistant 18,2071
Pianist,2072
Commissioner No Benefits,2073
Recreation Director,2074
Testing Technician,2075
Special Examiner,2076
"Brd Comm Mbr, M=$200/Mtg",2077
Child Support Officer I,2078
Camp Assistant,2079
Animal Control Supervisor,2080
Musm Exhibit Packer & Repairer,2081
Administrative Analyst I,2082
Special Assistant 8,2083
Assistant Recreation Director,2084
"BdComm Mbr, Grp5,M$100/Mo",2085
Barber,2086
Public Service Aide-Technical,2087
"BdComm Mbr, Grp3,M=$50/Mtg",2088
"BdComm Mbr, Grp2,M=$25/Mtg",2089
"Battalion Chief, Fire Suppress",2090
"Administrator, DPH",2091
"Capt,Fire Prev or Fire Invsgtn",2092
Electrical Transit Shop Sprv 1,2093
Managing Attorney,2094
Civil Case Settlmnt Specialist,2095
IT Operations Support Admin II,2096
IT Operations Support Admin V,2097
Transit Power Cable Splicer,2098
City Shops Asst Superintendent,2099
Industrial Engineer,2100
Emergency Services Coord III,2101
Duty Officer,2102
Admin Hearing Examiner,2103
Transit Fare Insp. Sup/Invst.,2104
IT Operations Support Admn III,2105
Cement Finisher Supervisor 2,2106
Payroll Supervisor,2107
IT Operations Support Admin I,2108
Airport Communications Officer,2109
Media Production Specialist,2110
Emergency Services Coord I,2111
Water Meter Shop Supervisor 1,2112
Emergency Services Coord II,2113
Auditor I,2114
Deputy Court Clerk I,2115
Performance Analyst I,2116
Mgr Museum Security Services,2117
"Captain, (Fire Department)",2118
Emergency Services Assistant,2119
"Commissioner 16.700c, No Pay",2120
IS Technician Assistant,2121
Drug Court Coordinator,2122
Public Safety Comm Tech,2123
Chief Investment Officer,2124
"Manager, Dept Public Health",2125
Chief Forensic Toxicologist,2126
Lieutenant (Police Department),2127
Deputy Sheriff (SFERS),2128
Undersheriff (SFERS),2129
Light Rail Vehicle Equip Eng,2130
Electrician Supervisor II,2131
Transportation Planner IV,2132
HSA Sr Eligibility Worker,2133
Transportation Planner III,2134
"Sr Sprv Prob Ofc, Juv Prob",2135
Biologist,2136
Administrative Hearing Sup,2137
Chemist,2138
HH Mechanical Shop Sprv,2139
Auto Body&Fender Wrk Asst Sprv,2140
Instructional Designer,2141
Transportation Planner II,2142
Water Quality Technician,2143
HSA Emp & Training Spec II,2144
HSA Social Worker,2145
Legislative Clerk,2146
Sen Hospital Eligibility Wrkr,2147
Marina Assistant,2148
Special Assistant 11,2149
Hospital Eligibility Worker,2150
Personnel Trainee,2151
"ACPO,JuvP, Juv Prob (SFERS)",2152
Apprentice Cement Mason I,2153
Marina Associate Manager,2154
"Sr Cnselor, Juv Hall (SFERS)",2155
Forensic Toxicologist Supervis,2156
Conversion,2157
Cashier 3,2158
Crime Scene Invstgtn Mngr 3,2159
Imaging Supervisor,2160
Steamfitter Supervisor 2,2161
Senior Electrical Inspector,2162
Chief Adult Prob Offcr (SFERS),2163
Assistant Engineer,2164
Sr DA Investigator(SFERS),2165
Behavioral Health Clinician,2166
Aprnt Stationary Engineer II,2167
DvlpmntServicesManager (OCII),2168
Accounting Supervisor (OCII),2169
WireRopeCable Maint Mech Train,2170
Sr Behavioral Health Clinicn,2171
Airport Emerg Management Coord,2172
"Aprntc Stnry Eng, Sew Plant 1",2173
Diagnostic Imaging Assistant,2174
Assistant Prjct Manager (OCII),2175
Dvlpmnt Spec (OCII),2176
Behavioral Health Team Leader,2177
Recruiter,2178
Sr Airport Noise Abatement Spe,2179
Permit Technician II,2180
Forensic Laboratory Analyst,2181
Permit Technician III,2182
Senior Statistician,2183
"AprntcStnry Eng,WtrTreatPlnt I",2184
Accountant III (OCII),2185
Mgmt Asst III (OCII),2186
Medical Record Technician,2187
Aprnt  Stationary Engineer I,2188
Accountant II (OCII),2189
Management Assistant II (OCII),2190
Airport Ground Transport Tech,2191
Airport Security ID Technician,2192
Permit Technician I,2193
Apprentice Arborist Tech I,2194
Harbor Attendant (OCII),2195
Harbor Security Officer (OCII),2196
Harbor Office Assistant (OCII),2197
Project Mgr (OCII),2198
Probation Assistant,2199
"BdComm Mbr, Grp3 M=$50/Mtg",2200
EMT Paramedic,2201
"Brd Comm Mbr, M=$300/Mtg.",2202
Police Cadet,2203
Managing Director,2204
Senior Portfolio Manager,2205
Transitional Department Head,2206
"Physician Administrator, DPH",2207
Director,2208
Labor and Employment Advisor,2209
Transportation Operations Spec,2210
Asst Chf DA Invstgtor (SFERS),2211
Trasnprt Controller Trainee,2212
Financial Systems Supervisor,2213
Utility Plumber Apprentice I,2214
Senior Integrated Pest Mgmt Sp,2215
Exec Asst to Airport Director,2216
Maintenance Machinist Helper,2217
Recreation Facility Assistant,2218
Technology Expert I,2219
Analyst Trainee,2220
Special Assistant 1,2221
Not provided,2222
Assistant Chief of Police,2223
Chief Deputy Sheriff (PERS),2224
Chf Distt Atty Inves (SFERS),2225
Technology Expert II,2226
Transportation Controller,2227
Planner V,2228
Planner IV,2229
Utility Plumber Apprentice II,2230
Contract Compliance Officer II,2231
Arch/Landscp ArchitectrII,2232
Prin Human Resources Analyst,2233
Prin. Tax Auditor-Appraiser,2234
Senior Human Resources Analyst,2235
Sr Investigator Police Accoun,2236
Sr Tax Auditor-Appraiser,2237
Human Resources Analyst,2238
"Investigator, Police Accountab",2239
Tax Auditor-Appraiser,2240
Chaplain,2241
Arch/Landscp Architectrl Ast1,2242
Park Ranger,2243
Senior Inventory Clerk,2244
Real Prop Appraiser Trainee,2245
Apprentice Cement Mason II,2246
Apprentice Maint Machinist 1,2247
Apprntice Arborist Technicn II,2248
Microbiologist I/II,2249
Information Systems Trainee,2250
Human Resources Trainee,2251
Marine Operations Specialist,2252
Apprntce Automotive Machinist1,2253
"BdComm Mbr, Grp4,M=$75/Mtg",2254
Sheriff's Sergeant (SFERS),2255
Not Provided,2256
Head Park Ranger,2257
Aviation Security Ops Sup,2258
"Lieut,Fire Invstgtn",2259
"Sr Counselor, JH & LGR (PERS)",2260
Aviation Security Analyst,2261
"Counselor, Juvenile Hall PERS",2262
Investment Analyst,2263
"Counselor, Log Cabin Rch PERS",2264
Counselor 2 (PERS),2265
Real Property Officer,2266
Wharfinger I/II,2267
Sterile Processing & Dist Tech,2268
"Aprt Stnry Eng, Sew Plant II",2269
Veterans Claims Rep Supervisor,2270
Communications Specialist,2271
ChfNatural Resource Specialist,2272
Veterans Claims Representative,2273
Cost Estimator,2274
Utility Services Rep Sup,2275
Payroll and Personnel Clerk,2276
Utility Services Represtve,2277
Natural Resource Specialist,2278
Print/Mail Machine Operator,2279
Mayoral Staff VI,2280
Street Inspector Trainee,2281
Special Assistant 17,2282
Metal Fabricator,2283
Tools Room Mechanic/Custodian,2284
Pre-Appren Automotive Mechanic,2285
Security-Campus,2286
